id,nombre,nombre_usuario
987047282,A3Sec,a3sec
1162694149956603904,The Bridge,TheBridge_Tech
41545659,Mario Lopez de Avila,nodosenlared
1162694149956603904,The Bridge,TheBridge_Tech
1162694149956603904,The Bridge,TheBridge_Tech
1585726199485140993,Asociaci√≥n de Estudiantes de Software Libre UPO,ESOLIUPO
1585726199485140993,Asociaci√≥n de Estudiantes de Software Libre UPO,ESOLIUPO
1585726199485140993,Asociaci√≥n de Estudiantes de Software Libre UPO,ESOLIUPO
41545659,Mario Lopez de Avila,nodosenlared
1162694149956603904,The Bridge,TheBridge_Tech
1162694149956603904,The Bridge,TheBridge_Tech
3588258623,Madrid For Refugees,Madrid4Refugees
1162694149956603904,The Bridge,TheBridge_Tech
1162694149956603904,The Bridge,TheBridge_Tech
570795448,EDEM,EDEMempresarios
1162694149956603904,The Bridge,TheBridge_Tech
2402179123,Jorge Gonz√°lez Revilla,jorgegrev
1162694149956603904,The Bridge,TheBridge_Tech
2402179123,Jorge Gonz√°lez Revilla,jorgegrev
1613113784926707712,Manu,ProductoActual1
1162694149956603904,The Bridge,TheBridge_Tech
1162694149956603904,The Bridge,TheBridge_Tech
20979418,I√±aki Gorostiza,hello_google
1162694149956603904,The Bridge,TheBridge_Tech
1585726199485140993,Asociaci√≥n de Estudiantes de Software Libre UPO,ESOLIUPO
1162694149956603904,The Bridge,TheBridge_Tech
570795448,EDEM,EDEMempresarios
1003872445,Pau Mugarra,PauMugarra
276656109,Jorge Ordov√°s,joobid
1003872445,Pau Mugarra,PauMugarra
823470817963032576,BBK network,BBKnetwork
1162694149956603904,The Bridge,TheBridge_Tech
192329549,J. A. Vizca√≠no Jim√©nez,vizca75
20979418,I√±aki Gorostiza,hello_google
192329549,J. A. Vizca√≠no Jim√©nez,vizca75
1162694149956603904,The Bridge,TheBridge_Tech
1162694149956603904,The Bridge,TheBridge_Tech
40046861,Carlos M. Diaz,carlosmdh
20979418,I√±aki Gorostiza,hello_google
40046861,Carlos M. Diaz,carlosmdh
1268490708945698817,Ale Pietra üé† SEO & Anal√≠tica,AlejoPietraSEO
890890468988473346,Ubaldo Herv√°s,UbaldoHervas
20979418,I√±aki Gorostiza,hello_google
1162694149956603904,The Bridge,TheBridge_Tech
1162694149956603904,The Bridge,TheBridge_Tech
710051187001843712,Alejandro de Otero ‚ö°Ô∏è,alexaom6_
1162694149956603904,The Bridge,TheBridge_Tech
1162694149956603904,The Bridge,TheBridge_Tech
998353386,Pat Nar,libertariadora
710051187001843712,Alejandro de Otero ‚ö°Ô∏è,alexaom6_
1355885838991843328,Gzuuus‚ö°,gzuuus
1207228796593745920,Decentralized ‚Çø‰∏∞‚ö°,decentralized_b
1407291884901482496,Cluster CyberMadrid,Cyber_Madrid
1162694149956603904,The Bridge,TheBridge_Tech
4899284631,My Tech Plan,my_tech_plan
4899284631,My Tech Plan,my_tech_plan
998353386,Pat Nar,libertariadora
1488155071053504522,MIL Madrid - Madrid Innovation Lab,milmadrid_
2601978874,espacio_RES,espacio_RES
1162694149956603904,The Bridge,TheBridge_Tech
2601978874,espacio_RES,espacio_RES
561463549,Luis Mesa,luismesalas
936539844079218688,DatabeerSVQ,DatabeerSVQ
936539844079218688,DatabeerSVQ,DatabeerSVQ
1162694149956603904,The Bridge,TheBridge_Tech
2601978874,espacio_RES,espacio_RES
1162694149956603904,The Bridge,TheBridge_Tech
2601978874,espacio_RES,espacio_RES
936539844079218688,DatabeerSVQ,DatabeerSVQ
1162694149956603904,The Bridge,TheBridge_Tech
1162694149956603904,The Bridge,TheBridge_Tech
936539844079218688,DatabeerSVQ,DatabeerSVQ
936539844079218688,DatabeerSVQ,DatabeerSVQ
1162694149956603904,The Bridge,TheBridge_Tech
1162694149956603904,The Bridge,TheBridge_Tech
41545659,Mario Lopez de Avila,nodosenlared
936539844079218688,DatabeerSVQ,DatabeerSVQ
1162694149956603904,The Bridge,TheBridge_Tech
20905187,Jose Manuel de la Chica,Delachica
936539844079218688,DatabeerSVQ,DatabeerSVQ
936539844079218688,DatabeerSVQ,DatabeerSVQ
936539844079218688,DatabeerSVQ,DatabeerSVQ
936539844079218688,DatabeerSVQ,DatabeerSVQ
936539844079218688,DatabeerSVQ,DatabeerSVQ
1488155071053504522,MIL Madrid - Madrid Innovation Lab,milmadrid_
41545659,Mario Lopez de Avila,nodosenlared
41545659,Mario Lopez de Avila,nodosenlared
1162694149956603904,The Bridge,TheBridge_Tech
41545659,Mario Lopez de Avila,nodosenlared
41545659,Mario Lopez de Avila,nodosenlared
936539844079218688,DatabeerSVQ,DatabeerSVQ
1207228796593745920,Decentralized ‚Çø‰∏∞‚ö°,decentralized_b
1575152712227880960,Detailorg,detailorg
1162694149956603904,The Bridge,TheBridge_Tech
1162694149956603904,The Bridge,TheBridge_Tech
1162694149956603904,The Bridge,TheBridge_Tech
936539844079218688,DatabeerSVQ,DatabeerSVQ
41545659,Mario Lopez de Avila,nodosenlared
1162694149956603904,The Bridge,TheBridge_Tech
1065208287430418432,MISTER INCOGNITA,MISTERINCGNITA1
259712221,Toni Dorta,ToniDorta
1065208287430418432,MISTER INCOGNITA,MISTERINCGNITA1
259712221,Toni Dorta,ToniDorta
7154412,Javier G. Recuenco,Recuenco
17287251,Mar√≠a Blanco,Godivaciones
17287251,Mar√≠a Blanco,Godivaciones
259712221,Toni Dorta,ToniDorta
17287251,Mar√≠a Blanco,Godivaciones
259712221,Toni Dorta,ToniDorta
936539844079218688,DatabeerSVQ,DatabeerSVQ
936539844079218688,DatabeerSVQ,DatabeerSVQ
1099588676181471233,Flor_Turoninos,turoninos
1162694149956603904,The Bridge,TheBridge_Tech
1162694149956603904,The Bridge,TheBridge_Tech
936539844079218688,DatabeerSVQ,DatabeerSVQ
1162694149956603904,The Bridge,TheBridge_Tech
936539844079218688,DatabeerSVQ,DatabeerSVQ
1162694149956603904,The Bridge,TheBridge_Tech
1162694149956603904,The Bridge,TheBridge_Tech
1585726199485140993,Asociaci√≥n de Estudiantes de Software Libre UPO,ESOLIUPO
1585726199485140993,Asociaci√≥n de Estudiantes de Software Libre UPO,ESOLIUPO
41545659,Mario Lopez de Avila,nodosenlared
925597948410580993,Valerio Rocco Lozano,RoccoLozano
276656109,Jorge Ordov√°s,joobid
1003872445,Pau Mugarra,PauMugarra
1207228796593745920,Decentralized ‚Çø‰∏∞‚ö°,decentralized_b
1207228796593745920,Decentralized ‚Çø‰∏∞‚ö°,decentralized_b
2603024598,Ricardo P√©rez-Marco,rperezmarco
1207228796593745920,Decentralized ‚Çø‰∏∞‚ö°,decentralized_b
1099588676181471233,Flor_Turoninos,turoninos
1162694149956603904,The Bridge,TheBridge_Tech
1162694149956603904,The Bridge,TheBridge_Tech
1685197165,Metricool ES ‚àû,Metricool_es
1685197165,Metricool ES ‚àû,Metricool_es
1288769305014939650,42 Urduliz,42UrdulizFTef
1003872445,Pau Mugarra,PauMugarra
1099588676181471233,Flor_Turoninos,turoninos
1162694149956603904,The Bridge,TheBridge_Tech
1162694149956603904,The Bridge,TheBridge_Tech
1162694149956603904,The Bridge,TheBridge_Tech
1530194743786881024,Bitcoin Tuesday,BitcoinTuesday_
1162694149956603904,The Bridge,TheBridge_Tech
4899284631,My Tech Plan,my_tech_plan
